{
  "nm_id": 1645864865,
  "category_id": "services",
  "n_unmatched_candidates": null,
  "n_clusters": 2,
  "noise_rate": null,
  "filter_applied": true,
  "filter_report": {},
  "clusters": [
    {
      "cluster_id": 0,
      "candidate_ids": [],
      "top_phrases": [
        [
          "площадка",
          43
        ],
        [
          "отзыв",
          31
        ],
        [
          "объявления",
          30
        ],
        [
          "продажи",
          24
        ],
        [
          "торговая площадка",
          22
        ],
        [
          "вопросы",
          20
        ],
        [
          "профиль",
          18
        ],
        [
          "сайт",
          14
        ],
        [
          "компания",
          13
        ],
        [
          "сделки",
          13
        ]
      ],
      "medoid_phrase": "компания",
      "cohesion": null,
      "matched_to_gold_aspect": "Аккаунты",
      "is_novel": false,
      "gold_matches": {
        "Аккаунты": 0.7417824268341064,
        "Алгоритмы": 0.6594678163528442,
        "Ассортимент": 0.7271949052810669,
        "Аудитория": 0.7075185775756836,
        "Безопасность": 0.6508558988571167,
        "Верификация": 0.6646394729614258,
        "Вывод": 0.6756784319877625,
        "Доставка": 0.7428770661354065,
        "Интерфейс": 0.6909679770469666,
        "Интерьер": 0.7299721240997314,
        "Категории": 0.6661328077316284,
        "Комиссия": 0.7114636898040771,
        "Компания": 0.9999998807907104,
        "Компенсация": 0.6705192923545837,
        "Корзина": 0.7583529949188232,
        "Лента": 0.7561525106430054,
        "Лимиты": 0.6896921396255493,
        "Модерация": 0.6598110795021057,
        "Обновления": 0.6702512502670288,
        "Обслуживание": 0.722930371761322,
        "Оплата": 0.6869773268699646,
        "Отзывы": 0.7844545841217041,
        "Платформа": 0.830706775188446,
        "Площадка": 1.0,
        "Поддержка": 0.7476280331611633,
        "Подписка": 0.686353325843811,
        "Приложение": 0.708775520324707,
        "Продвижение": 0.6622402667999268,
        "Профиль": 1.0,
        "Публикация": 0.7289988994598389,
        "Рекомендации": 0.7429124116897583,
        "Сайт": 0.9999998807907104,
        "Сервис": 0.7233340740203857,
        "Система": 0.6933693885803223,
        "Сотрудники": 0.7589291334152222,
        "Тарифы": 0.6822332739830017,
        "Уведомления": 0.8117057085037231,
        "Цены": 0.742901086807251
      }
    },
    {
      "cluster_id": 1,
      "candidate_ids": [],
      "top_phrases": [
        [
          "предлогами",
          2
        ],
        [
          "методами",
          1
        ],
        [
          "обещаниями",
          1
        ],
        [
          "оплачеными обьявлениями",
          1
        ],
        [
          "условиями",
          1
        ]
      ],
      "medoid_phrase": "обещаниями",
      "cohesion": null,
      "matched_to_gold_aspect": null,
      "is_novel": true,
      "gold_matches": {}
    }
  ]
}