{
  "nm_id": 1809358565,
  "category_id": "hospitality",
  "n_unmatched_candidates": null,
  "n_clusters": 2,
  "noise_rate": null,
  "filter_applied": true,
  "filter_report": {},
  "clusters": [
    {
      "cluster_id": 0,
      "candidate_ids": [],
      "top_phrases": [
        [
          "аквапарк",
          126
        ],
        [
          "горки",
          118
        ],
        [
          "детей",
          100
        ],
        [
          "термы",
          98
        ],
        [
          "бассейн",
          72
        ],
        [
          "бани",
          47
        ],
        [
          "зона",
          41
        ],
        [
          "время",
          29
        ],
        [
          "взрослых",
          28
        ],
        [
          "сауны",
          27
        ]
      ],
      "medoid_phrase": "бассейн",
      "cohesion": null,
      "matched_to_gold_aspect": "Аквапарк",
      "is_novel": false,
      "gold_matches": {
        "Аквапарк": 1.0,
        "Атмосфера": 0.6982413530349731,
        "Баня": 0.913798451423645,
        "Бар": 0.7357828617095947,
        "Бассейн": 1.0,
        "Безопасность": 0.692489743232727,
        "Буфет": 0.6991695165634155,
        "Вентиляция": 0.6855384111404419,
        "Вода": 0.6714228391647339,
        "Воздух": 0.6854089498519897,
        "Волны": 0.7514240741729736,
        "Горки": 1.0,
        "Джакузи": 0.7421275973320007,
        "Доступность": 0.6576565504074097,
        "Душевая": 0.7821744680404663,
        "Жилеты": 0.659248948097229,
        "Зона": 1.0000001192092896,
        "Зонирование": 0.7408343553543091,
        "Инструкторы": 0.6531314849853516,
        "Кафе": 0.6915082931518555,
        "Круги": 0.77228182554245,
        "Купель": 0.7475569844245911,
        "Кухня": 0.6896141767501831,
        "Лежаки": 0.7031000852584839,
        "Лифт": 0.7169758081436157,
        "Места": 0.6758023500442505,
        "Навигация": 0.6529555320739746,
        "Организация": 0.7320805788040161,
        "Охрана": 0.6500223875045776,
        "Парковка": 0.6908438205718994,
        "Пещера": 0.7379857897758484,
        "Площадь": 0.7442041635513306,
        "Пол": 0.6776595711708069,
        "Полотенца": 0.659201443195343,
        "Пространство": 0.7019016146659851,
        "Раздевалка": 0.7503572106361389,
        "Ресторан": 0.7405892014503479,
        "Сауна": 0.927161455154419,
        "Скорость": 0.6586726903915405,
        "Термы": 1.0000001192092896,
        "Территория": 0.8729944825172424,
        "Туалет": 0.7725099921226501,
        "Тюбинги": 0.7597364187240601,
        "Фены": 0.686956524848938,
        "Фитнес": 0.6561563611030579,
        "Фудкорт": 0.7161248922348022,
        "Чистота": 0.6523360013961792,
        "Шезлонги": 0.7971881031990051,
        "Шкафчик": 0.7361738681793213,
        "Шкафчики": 0.6631624698638916
      }
    },
    {
      "cluster_id": 1,
      "candidate_ids": [],
      "top_phrases": [
        [
          "открытию",
          3
        ],
        [
          "возмущению",
          1
        ],
        [
          "наполнению",
          1
        ],
        [
          "обновлению",
          1
        ],
        [
          "обновлению реконструкции",
          1
        ]
      ],
      "medoid_phrase": "обновлению",
      "cohesion": null,
      "matched_to_gold_aspect": null,
      "is_novel": true,
      "gold_matches": {}
    }
  ]
}