slice_type,slice_value,n_reviews,n_pairs,n_gold_strict_polar_pairs,n_gold_strong_polar_pairs,n_same_polar_direction_pairs,mean_vector_l1_distance,mean_vector_l2_distance,mean_cosine_similarity,dominant_class_accuracy,neutral_collapse_rate,polarity_flip_rate,intensity_underestimate_rate
category_id,consumables,195,293,260,260,186,0.6714161660711646,0.46671757805877073,0.7615822916757443,0.726962457337884,0.25384615384615383,0.03076923076923077,0.0
category_id,hospitality,175,437,282,282,178,0.9038079120501259,0.6155135065635619,0.6268191266295553,0.620137299771167,0.2765957446808511,0.09219858156028368,0.0
category_id,physical_goods,903,1466,1148,1148,732,0.8282216382024908,0.5694625793018829,0.6770961254177457,0.6657571623465212,0.29965156794425085,0.0627177700348432,0.0
category_id,services,258,580,442,442,252,0.8797114333086813,0.6062233115728167,0.6473703379897443,0.6241379310344828,0.38235294117647056,0.04751131221719457,0.0
